run_id,condition,gpu_name,offer_id,price_per_hour,machine_id,n_simulations,n_samples,surface_count,seed,warmup_group_index,warmup_surface,warmup_seconds,warmup_status,mean_seconds,median_seconds,p90_seconds,min_seconds,max_seconds,surfaces_per_hour,cost_per_1000_surfaces,estimated_l1_cost,estimated_full_l2_cost,started_at,git_commit,jax_devices,diagonal_covariance,fix_weights,algorithm,source,gpu
20260527T220911Z_A100_SXM4_10000x20_20260527,10000x20,A100_SXM4,30178907,1.001,b7d0e8ab909c,10000,20,20,20260527,243,"{'sd_feat1': 10.0, 'sd_feat2': 130.0, 'sd_spat': 40.0}",10.895444205030799,saved,4.042183505557477,4.0327700432389975,4.0716308854520324,4.004709426313639,4.184470601379871,890.6077606448266,1.1239515802952873,4.720596637240207,36.86561183368542,2026-05-27T22:10:44.647962+00:00,b777373c5a202780128eaf8d7043e4080cd57b0d,['cuda:0'],False,False,EM,archive_json,A100_SXM4
20260527T221044Z_A100_SXM4_10000x100_20260527,10000x100,A100_SXM4,30178907,1.001,b7d0e8ab909c,10000,100,20,20260527,243,"{'sd_feat1': 10.0, 'sd_feat2': 130.0, 'sd_spat': 40.0}",17.16729149222374,saved,13.470008577685803,13.461586445569992,13.558927662484347,13.305541472509503,13.61080583371222,267.26040887336194,3.745410718406524,15.730725017307401,122.84947156373399,2026-05-27T22:15:31.247588+00:00,b777373c5a202780128eaf8d7043e4080cd57b0d,['cuda:0'],False,False,EM,archive_json,A100_SXM4
20260527T221220Z_H100_NVL_10000x20_20260527,10000x20,H100_NVL,38143102,2.441,214154971f19,10000,20,20,20260527,243,"{'sd_feat1': 10.0, 'sd_feat2': 130.0, 'sd_spat': 40.0}",9.61164376100001,saved,4.483317771600005,4.459238288500018,4.5508601166,4.44396132899999,4.7014456050000035,802.9767648424424,3.0399385223543365,12.767741793888213,99.70998353322223,2026-05-27T22:14:00.422385+00:00,b777373c5a202780128eaf8d7043e4080cd57b0d,['cuda:0'],False,False,EM,archive_json,H100_NVL
20260527T221400Z_H100_NVL_10000x100_20260527,10000x100,H100_NVL,38143102,2.441,214154971f19,10000,100,20,20260527,243,"{'sd_feat1': 10.0, 'sd_feat2': 130.0, 'sd_spat': 40.0}",9.974964650999993,saved,7.165414831350003,7.055917020999999,7.745839452899997,6.827995532999978,7.8906357679999815,502.4133402925034,4.858549334257043,20.405907203879583,159.360418163631,2026-05-27T22:16:33.727675+00:00,b777373c5a202780128eaf8d7043e4080cd57b0d,['cuda:0'],False,False,EM,archive_json,H100_NVL
20260527T221541Z_RTX_5090_10000x20_20260527,10000x20,RTX_5090,37796832,0.8042,5e03e65d5840,10000,20,20,20260527,243,"{'sd_feat1': 10.0, 'sd_feat2': 130.0, 'sd_spat': 40.0}",8.225661981996382,saved,2.410001480449864,2.4005563565006014,2.452600387998973,2.3790245639975183,2.5198729370022193,1493.7750159921081,0.5383675529382724,2.2611437223407442,17.658455736375334,2026-05-27T22:16:38.767850+00:00,b777373c5a202780128eaf8d7043e4080cd57b0d,['cuda:0'],False,False,EM,archive_json,RTX_5090
20260527T221638Z_RTX_5090_10000x100_20260527,10000x100,RTX_5090,37796832,0.8042,5e03e65d5840,10000,100,20,20260527,243,"{'sd_feat1': 10.0, 'sd_feat2': 130.0, 'sd_spat': 40.0}",11.650652861979324,saved,8.655044959003863,8.637217186507769,8.747810256321099,8.62535901699448,8.76399228000082,415.94238008606897,1.933440876675252,8.120451682036059,63.41686075494826,2026-05-27T22:19:43.539743+00:00,b777373c5a202780128eaf8d7043e4080cd57b0d,['cuda:0'],False,False,EM,archive_json,RTX_5090
20260527T221547Z_A100_SXM4_10000x20_20260527,10000x20,A100_SXM4,30895665,1.0009,3d678f0e98fb,10000,20,20,20260527,243,"{'sd_feat1': 10.0, 'sd_feat2': 130.0, 'sd_spat': 40.0}",10.380768779665232,saved,4.100862492714077,4.078252477571368,4.135326426289976,4.056421792134643,4.319337505847216,877.8641094150439,1.140153685821533,4.788645480450439,37.39704089494628,2026-05-27T22:17:21.310103+00:00,b777373c5a202780128eaf8d7043e4080cd57b0d,['cuda:0'],False,False,EM,archive_json,A100_SXM4
20260527T221721Z_A100_SXM4_10000x100_20260527,10000x100,A100_SXM4,30895665,1.0009,3d678f0e98fb,10000,100,20,20260527,243,"{'sd_feat1': 10.0, 'sd_feat2': 130.0, 'sd_spat': 40.0}",16.79357268102467,saved,13.500764671619981,13.497989121824503,13.574044306948782,13.380415972322226,13.658742746338248,266.6515628975873,3.7535875999512323,15.765067919795175,123.1176732784004,2026-05-27T22:22:08.148364+00:00,b777373c5a202780128eaf8d7043e4080cd57b0d,['cuda:0'],False,False,EM,archive_json,A100_SXM4
20260527T221601Z_RTX_4090_10000x20_20260527,10000x20,RTX_4090,35109861,1.069,70030d9d73fd,10000,20,20,20260527,243,"{'sd_feat1': 10.0, 'sd_feat2': 130.0, 'sd_spat': 40.0}",10.675876555033028,saved,3.0986922886106187,3.0815552435233258,3.2644046820933,2.9992359479656443,3.2937763170339167,1161.780410798439,0.9201394601457642,3.86458573261221,30.180574292781063,2026-05-27T22:17:15.945545+00:00,b777373c5a202780128eaf8d7043e4080cd57b0d,['cuda:0'],False,False,EM,archive_json,RTX_4090
20260527T221715Z_RTX_4090_10000x100_20260527,10000x100,RTX_4090,35109861,1.069,70030d9d73fd,10000,100,20,20260527,243,"{'sd_feat1': 10.0, 'sd_feat2': 130.0, 'sd_spat': 40.0}",19.583600751007907,saved,15.268020816188073,15.262188274995424,15.354182107083034,15.179339991067536,15.428231540019624,235.7869460187704,4.53375395902918,19.04176662792256,148.7071298561571,2026-05-27T22:22:40.920519+00:00,b777373c5a202780128eaf8d7043e4080cd57b0d,['cuda:0'],False,False,EM,archive_json,RTX_4090
20260527T220855Z_RTX_3090_10000x20_20260527,10000x20,RTX_3090,30293571,0.301,fe8f8b2aef7d,10000,20,20,20260527,243,"{'sd_feat1': 10.0, 'sd_feat2': 130.0, 'sd_spat': 40.0}",12.86207467596978,saved,4.590367104654433,4.57526939449599,4.627468598983251,4.555410797009245,4.714745211997069,784.2510017008784,0.3838056940280512,1.6119839149178152,12.588826764120078,2026-05-27T22:10:40.966806+00:00,b777373c5a202780128eaf8d7043e4080cd57b0d,['cuda:0'],False,False,EM,archive_json,RTX_3090
20260527T221040Z_RTX_3090_10000x100_20260527,10000x100,RTX_3090,30293571,0.301,fe8f8b2aef7d,10000,100,20,20260527,243,"{'sd_feat1': 10.0, 'sd_feat2': 130.0, 'sd_spat': 40.0}",33.29313877702225,saved,34.5143540983554,34.71989297302207,41.604836325743236,28.20057106402237,41.67941152094863,104.30442910045764,2.885783495445826,12.12029068087247,94.65369865062308,2026-05-27T22:22:44.573656+00:00,b777373c5a202780128eaf8d7043e4080cd57b0d,['cuda:0'],False,False,EM,archive_json,RTX_3090
20260527T221605Z_RTX_4090_10000x20_20260527,10000x20,RTX_4090,36839946,1.0019,82110a7480a0,10000,20,20,20260527,243,"{'sd_feat1': 10.0, 'sd_feat2': 130.0, 'sd_spat': 40.0}",12.183916815905832,saved,3.5930938472622076,3.580713248986285,3.6276171888341198,3.5418539150850847,3.7656251389998943,1001.9220629995664,0.9999779793255572,4.19990751316734,32.799277721878276,2026-05-27T22:17:31.813977+00:00,b777373c5a202780128eaf8d7043e4080cd57b0d,['cuda:0'],False,False,EM,archive_json,RTX_4090
20260527T221731Z_RTX_4090_10000x100_20260527,10000x100,RTX_4090,36839946,1.0019,82110a7480a0,10000,100,20,20260527,243,"{'sd_feat1': 10.0, 'sd_feat2': 130.0, 'sd_spat': 40.0}",20.574847267009318,saved,15.596341703896178,15.56328088202281,15.730747915012763,15.53893797902856,15.762785244965926,230.82336026920154,4.340548542537106,18.230303878655846,142.36999219521707,2026-05-27T22:23:04.358026+00:00,b777373c5a202780128eaf8d7043e4080cd57b0d,['cuda:0'],False,False,EM,archive_json,RTX_4090
20260527T221903Z_H100_NVL_10000x20_20260527,10000x20,H100_NVL,38145079,2.4414,6b5501728374,10000,20,20,20260527,243,"{'sd_feat1': 10.0, 'sd_feat2': 130.0, 'sd_spat': 40.0}",11.266980781000001,saved,4.453413752899996,4.439714052999989,4.48229743820001,4.416134734000025,4.577771369999994,808.3686357809746,3.0201567600916803,12.684658392385058,99.06114173100711,2026-05-27T22:20:45.257108+00:00,b777373c5a202780128eaf8d7043e4080cd57b0d,['cuda:0'],False,False,EM,archive_json,H100_NVL
20260527T222045Z_H100_NVL_10000x100_20260527,10000x100,H100_NVL,38145079,2.4414,6b5501728374,10000,100,20,20260527,243,"{'sd_feat1': 10.0, 'sd_feat2': 130.0, 'sd_spat': 40.0}",9.810287442999993,saved,7.03571933374999,7.040682079499987,7.123133194599978,6.833429839999951,7.215001269000027,511.67475978340724,4.771390328171451,20.039839378320096,156.50160276402357,2026-05-27T22:23:15.804675+00:00,b777373c5a202780128eaf8d7043e4080cd57b0d,['cuda:0'],False,False,EM,archive_json,H100_NVL
20260527T221548Z_RTX_5070_10000x20_20260527,10000x20,RTX_5070,38092544,0.3623,3955a54d4d2e,10000,20,20,20260527,243,"{'sd_feat1': 10.0, 'sd_feat2': 130.0, 'sd_spat': 40.0}",9.683187553000607,saved,6.668268527950113,6.613827630000742,7.009912751699995,6.144261297999037,7.081135283999174,539.8702804049603,0.6710871354656462,2.8185659689557143,22.011658043273194,2026-05-27T22:18:12.268935+00:00,b777373c5a202780128eaf8d7043e4080cd57b0d,['cuda:0'],False,False,EM,archive_json,RTX_5070
20260527T221812Z_RTX_5070_10000x100_20260527,10000x100,RTX_5070,38092544,0.3623,3955a54d4d2e,10000,100,20,20260527,243,"{'sd_feat1': 10.0, 'sd_feat2': 130.0, 'sd_spat': 40.0}",20.20987942299871,saved,17.328737920200002,17.28631070749998,17.42987679739981,17.26711524500024,17.476548389999152,207.74738567680123,1.7439449301356833,7.32456870656987,57.20139370845041,2026-05-27T22:24:19.068696+00:00,b777373c5a202780128eaf8d7043e4080cd57b0d,['cuda:0'],False,False,EM,archive_json,RTX_5070
20260527T223016Z_RTX_5070_10000x20_20260527,10000x20,RTX_5070,32655330,0.5352,1bf825021236,10000,20,20,20260527,243,"{'sd_feat1': 10.0, 'sd_feat2': 130.0, 'sd_spat': 40.0}",12.164669982041232,saved,4.255409828433767,4.227489392447751,4.361297680775169,4.201837874017656,4.429479482001625,845.9819723932453,0.6326375944938201,2.6570778968740445,20.750513099397295,2026-05-27T22:31:54.801474+00:00,b777373c5a202780128eaf8d7043e4080cd57b0d,['cuda:0'],False,False,EM,archive_json,RTX_5070
20260527T223154Z_RTX_5070_10000x100_20260527,10000x100,RTX_5070,32655330,0.5352,1bf825021236,10000,100,20,20260527,243,"{'sd_feat1': 10.0, 'sd_feat2': 130.0, 'sd_spat': 40.0}",22.462860840023495,saved,18.306181095069043,18.277445776970126,18.425655310752337,18.249684529029764,18.500033650081605,196.6548883846504,2.7215189228002648,11.430379475761113,89.26582066784867,2026-05-27T22:38:23.424756+00:00,b777373c5a202780128eaf8d7043e4080cd57b0d,['cuda:0'],False,False,EM,archive_json,RTX_5070
20260527T223333Z_RTX_3090_10000x20_20260527,10000x20,RTX_3090,33869586,0.1747,272feaecc1cf,10000,20,20,20260527,243,"{'sd_feat1': 10.0, 'sd_feat2': 130.0, 'sd_spat': 40.0}",18.880106802098453,saved,7.026392472465522,7.048954735277221,7.203966871788726,6.8542924458161,7.224924763664603,512.3539588924756,0.3409752124832574,1.4320958924296812,11.183986969450842,2026-05-27T22:36:14.999322+00:00,b777373c5a202780128eaf8d7043e4080cd57b0d,['cuda:0'],False,False,EM,archive_json,RTX_3090
20260527T223615Z_RTX_3090_10000x100_20260527,10000x100,RTX_3090,33869586,0.1747,272feaecc1cf,10000,100,20,20260527,243,"{'sd_feat1': 10.0, 'sd_feat2': 130.0, 'sd_spat': 40.0}",44.21770128514618,saved,37.88051473018713,37.87915701488964,38.00254129651003,37.6110152779147,38.19120055017993,95.03566743065257,1.8382572009343587,7.720680243924307,60.29483619064696,2026-05-27T22:49:36.870505+00:00,b777373c5a202780128eaf8d7043e4080cd57b0d,['cuda:0'],False,False,EM,archive_json,RTX_3090
20260527T225859Z_RTX_PRO_6000_WS_10000x20_20260527,10000x20,RTX_PRO_6000_WS,37824186,1.2014,b11aad79b80c,10000,20,20,20260527,243,"{'sd_feat1': 10.0, 'sd_feat2': 130.0, 'sd_spat': 40.0}",6.424262155778706,saved,3.8576807846315204,3.6983220311813056,4.305954114533961,3.3806944098323584,4.470465411432087,933.2031863138894,1.287393804071197,5.407053977099028,42.22651677353526,2026-05-27T23:00:24.617434+00:00,b777373c5a202780128eaf8d7043e4080cd57b0d,['cuda:0'],False,False,EM,archive_json,RTX_PRO_6000_WS
20260527T230024Z_RTX_PRO_6000_WS_10000x100_20260527,10000x100,RTX_PRO_6000_WS,37824186,1.2014,b11aad79b80c,10000,100,20,20260527,243,"{'sd_feat1': 10.0, 'sd_feat2': 130.0, 'sd_spat': 40.0}",10.244822091422975,saved,9.203282013628632,9.207444396801293,9.561433597374707,8.832994184456766,9.650857693515718,391.1648034547848,3.0713397253259553,12.899626846369014,100.73994299069133,2026-05-27T23:03:38.943794+00:00,b777373c5a202780128eaf8d7043e4080cd57b0d,['cuda:0'],False,False,EM,archive_json,RTX_PRO_6000_WS
20260527T231840Z_RTX_5090_10000x20_20260527,10000x20,RTX_5090,37927209,0.7347,eabdece8ba5b,10000,20,20,20260527,243,"{'sd_feat1': 10.0, 'sd_feat2': 130.0, 'sd_spat': 40.0}",12.954803706001258,saved,3.5251963341484953,3.3995576384986634,4.614097974302422,2.870103538996773,4.915839295994374,1021.2197162259824,0.7194338185274721,3.021622037815383,23.597429247701083,2026-05-27T23:20:05.856037+00:00,b777373c5a202780128eaf8d7043e4080cd57b0d,['cuda:0'],False,False,EM,archive_json,RTX_5090
20260527T232005Z_RTX_5090_10000x100_20260527,10000x100,RTX_5090,37927209,0.7347,eabdece8ba5b,10000,100,20,20260527,243,"{'sd_feat1': 10.0, 'sd_feat2': 130.0, 'sd_spat': 40.0}",15.366373696000664,saved,9.255737033150945,9.01057958999445,9.921865844904096,8.901804476001416,10.813035632003448,388.94795596569,1.8889416661822218,7.933554997965332,61.95728665077687,2026-05-27T23:23:26.382741+00:00,b777373c5a202780128eaf8d7043e4080cd57b0d,['cuda:0'],False,False,EM,archive_json,RTX_5090
20260527T231235Z_RTX_3090_10000x20_20260527,10000x20,RTX_3090,37086343,0.2669,bea312b5133d,10000,20,20,20260527,243,"{'sd_feat1': 10.0, 'sd_feat2': 130.0, 'sd_spat': 40.0}",18.40147205395624,saved,5.487477329891408,5.463444749999326,5.7965173839358615,5.055197312030941,5.891844259924255,656.039156715977,0.40683547204111575,1.7087089825726862,13.344203482948595,2026-05-27T23:14:46.304623+00:00,b777373c5a202780128eaf8d7043e4080cd57b0d,['cuda:0'],False,False,EM,archive_json,RTX_3090
20260527T231446Z_RTX_3090_10000x100_20260527,10000x100,RTX_3090,37086343,0.2669,bea312b5133d,10000,100,20,20260527,243,"{'sd_feat1': 10.0, 'sd_feat2': 130.0, 'sd_spat': 40.0}",36.865989641984925,saved,29.665499826706945,29.64153525349684,29.93072047365131,29.07070725504309,30.231935044983402,121.3530876280409,2.199367195485579,9.237342221039432,72.13924401192698,2026-05-27T23:25:16.513256+00:00,b777373c5a202780128eaf8d7043e4080cd57b0d,['cuda:0'],False,False,EM,archive_json,RTX_3090
20260527T231643Z_RTX_5060_10000x20_20260527,10000x20,RTX_5060,36896080,0.2014,0e02f08a11cf,10000,20,20,20260527,243,"{'sd_feat1': 10.0, 'sd_feat2': 130.0, 'sd_spat': 40.0}",16.041349603998242,saved,6.385370138150028,6.375121167999168,6.415691278898521,6.339533851001761,6.534345150997979,563.7887737300368,0.35722598495094876,1.500349136793985,11.71701230639112,2026-05-27T23:19:09.211554+00:00,b777373c5a202780128eaf8d7043e4080cd57b0d,['cuda:0'],False,False,EM,archive_json,RTX_5060
20260527T231909Z_RTX_5060_10000x100_20260527,10000x100,RTX_5060,36896080,0.2014,0e02f08a11cf,10000,100,20,20260527,243,"{'sd_feat1': 10.0, 'sd_feat2': 130.0, 'sd_spat': 40.0}",36.08364689999871,saved,30.361614266250218,30.328184590500314,30.466459890300392,30.310461609999038,30.652734659001,118.57077059310834,1.6985636425618873,7.133967298759927,55.7128874760299,2026-05-27T23:29:52.566591+00:00,b777373c5a202780128eaf8d7043e4080cd57b0d,['cuda:0'],False,False,EM,archive_json,RTX_5060
20260528T081544Z_H100_NVL_10000x20_20260527,10000x20,H100_NVL,38140656,3.3343,ad92ca15362d,10000,20,20,20260527,243,"{'sd_feat1': 10.0, 'sd_feat2': 130.0, 'sd_spat': 40.0}",9.84189182301634,saved,2.472024541950668,2.4520927489938913,2.5930720983014908,2.4299600409867708,2.613978203997249,1456.296221541251,2.2895753972850312,9.616216668597131,75.09807303094902,2026-05-28T08:16:46.179437+00:00,b777373c5a202780128eaf8d7043e4080cd57b0d,['cuda:0'],False,False,EM,vast_38214398_H100_NVL.log,H100_NVL
20260528T081646Z_H100_NVL_10000x100_20260527,10000x100,H100_NVL,38140656,3.3343,ad92ca15362d,10000,100,20,20260527,243,"{'sd_feat1': 10.0, 'sd_feat2': 130.0, 'sd_spat': 40.0}",10.654361072985921,saved,6.352896975103067,6.340439295498072,6.416456672217464,6.265825273003429,6.53302790800808,566.6706093469421,5.884017884468376,24.71287511476718,192.9957866105627,2026-05-28T08:19:03.910154+00:00,b777373c5a202780128eaf8d7043e4080cd57b0d,['cuda:0'],False,False,EM,vast_38214398_H100_NVL.log,H100_NVL
20260528T081647Z_RTX_PRO_6000_WS_10000x20_20260527,10000x20,RTX_PRO_6000_WS,37010668,1.2614,1277f20fb24d,10000,20,20,20260527,243,"{'sd_feat1': 10.0, 'sd_feat2': 130.0, 'sd_spat': 40.0}",11.13822226494085,saved,2.648573183210101,2.624333737534471,2.7540123682818374,2.6074344320222735,2.8399952329928055,1359.222400506509,0.928030614805895,3.897728582184759,30.439404165633352,2026-05-28T08:17:54.786081+00:00,b777373c5a202780128eaf8d7043e4080cd57b0d,['cuda:0'],False,False,EM,vast_38214409_RTX_PRO_6000_WS.log,RTX_PRO_6000_WS
20260528T081754Z_RTX_PRO_6000_WS_10000x100_20260527,10000x100,RTX_PRO_6000_WS,37010668,1.2614,1277f20fb24d,10000,100,20,20260527,243,"{'sd_feat1': 10.0, 'sd_feat2': 130.0, 'sd_spat': 40.0}",12.077871636953205,saved,7.181383768498199,7.171245137928054,7.193419731419999,7.140911370050162,7.315133154974319,501.29614515126343,2.516277079328786,10.5683637331809,82.53388820198417,2026-05-28T08:20:30.518842+00:00,b777373c5a202780128eaf8d7043e4080cd57b0d,['cuda:0'],False,False,EM,vast_38214409_RTX_PRO_6000_WS.log,RTX_PRO_6000_WS
20260528T081626Z_RTX_5090_10000x20_20260527,10000x20,RTX_5090,32876027,1.869,09dd798d8f2b,10000,20,20,20260527,243,"{'sd_feat1': 10.0, 'sd_feat2': 130.0, 'sd_spat': 40.0}",10.128734969999641,saved,2.6312681435374543,2.5756826787255704,3.0766869965940717,2.2442962690256536,3.145078029949218,1368.1615873478372,1.3660667111865283,5.7374801869834196,44.80698812691813,2026-05-28T08:17:31.015896+00:00,b777373c5a202780128eaf8d7043e4080cd57b0d,['cuda:0'],False,False,EM,vast_38214418_RTX_5090.log,RTX_5090
20260528T081731Z_RTX_5090_10000x100_20260527,10000x100,RTX_5090,32876027,1.869,09dd798d8f2b,10000,100,20,20260527,243,"{'sd_feat1': 10.0, 'sd_feat2': 130.0, 'sd_spat': 40.0}",13.27010624203831,saved,8.863588440208696,8.815326723502949,9.383579384721815,8.464655553922057,9.784830994904041,406.15604213627466,4.601679665208348,19.32705459387506,150.93509301883378,2026-05-28T08:20:41.598100+00:00,b777373c5a202780128eaf8d7043e4080cd57b0d,['cuda:0'],False,False,EM,vast_38214418_RTX_5090.log,RTX_5090
20260528T082026Z_RTX_4090_10000x20_20260527,10000x20,RTX_4090,34182334,1.0019,cc3e2c17381b,10000,20,20,20260527,243,"{'sd_feat1': 10.0, 'sd_feat2': 130.0, 'sd_spat': 40.0}",10.901290574925952,saved,3.1353806137456557,3.1243901669513434,3.1997867983882315,3.0989528009667993,3.2412471460411325,1148.1859600130942,0.8725938435866034,3.6648941430637345,28.62107806964059,2026-05-28T08:21:41.967072+00:00,b777373c5a202780128eaf8d7043e4080cd57b0d,['cuda:0'],False,False,EM,vast_38214989_RTX_4090_38214989.log,RTX_4090
20260528T082141Z_RTX_4090_10000x100_20260527,10000x100,RTX_4090,34182334,1.0019,cc3e2c17381b,10000,100,20,20260527,243,"{'sd_feat1': 10.0, 'sd_feat2': 130.0, 'sd_spat': 40.0}",19.69055507297162,saved,15.271980162005638,15.26203511946369,15.294514031370635,15.239145174971782,15.384888813947327,235.72581694129303,4.250276923420403,17.851163078365694,139.4090830881892,2026-05-28T08:27:07.131878+00:00,b777373c5a202780128eaf8d7043e4080cd57b0d,['cuda:0'],False,False,EM,vast_38214989_RTX_4090_38214989.log,RTX_4090
20260528T082347Z_RTX_PRO_6000_WS_10000x20_20260527,10000x20,RTX_PRO_6000_WS,37441316,1.0681,c460e5615220,10000,20,20,20260527,243,"{'sd_feat1': 10.0, 'sd_feat2': 130.0, 'sd_spat': 40.0}",7.783513593953103,saved,5.589429902296979,5.555030921997968,6.082735417620278,5.0100383249809965,6.097798408009112,644.0728415827485,1.6583527996231677,6.965081758417305,54.393971827639895,2026-05-28T08:25:48.036925+00:00,b777373c5a202780128eaf8d7043e4080cd57b0d,['cuda:0'],False,False,EM,vast_38214993_RTX_PRO_6000_WS_38214993.log,RTX_PRO_6000_WS
20260528T082548Z_RTX_PRO_6000_WS_10000x100_20260527,10000x100,RTX_PRO_6000_WS,37441316,1.0681,c460e5615220,10000,100,20,20260527,243,"{'sd_feat1': 10.0, 'sd_feat2': 130.0, 'sd_spat': 40.0}",23.1215080129914,saved,23.071410711295904,23.15294146951055,23.51271124900086,22.169364792993292,23.738435916020535,156.03727249488986,6.845159383537544,28.749669410857685,224.5212277800314,2026-05-28T08:33:52.602496+00:00,b777373c5a202780128eaf8d7043e4080cd57b0d,['cuda:0'],False,False,EM,vast_38214993_RTX_PRO_6000_WS_38214993.log,RTX_PRO_6000_WS
20260528T082239Z_RTX_PRO_6000_WS_10000x20_20260527,10000x20,RTX_PRO_6000_WS,37986278,1.2014,5e5b5ca27d04,10000,20,20,20260527,243,"{'sd_feat1': 10.0, 'sd_feat2': 130.0, 'sd_spat': 40.0}",9.57653277926147,saved,2.4113987380173056,2.394026529509574,2.4927959898486733,2.38733818102628,2.5401279106736183,1492.9094650517993,0.8047373455149976,3.3798968511629903,26.395384932891922,2026-05-28T08:23:39.616984+00:00,b777373c5a202780128eaf8d7043e4080cd57b0d,['cuda:0'],False,False,EM,vast_38214999_RTX_PRO_6000_WS_38214999.log,RTX_PRO_6000_WS
20260528T082339Z_RTX_PRO_6000_WS_10000x100_20260527,10000x100,RTX_PRO_6000_WS,37986278,1.2014,5e5b5ca27d04,10000,100,20,20260527,243,"{'sd_feat1': 10.0, 'sd_feat2': 130.0, 'sd_spat': 40.0}",11.69961186684668,saved,7.979358637845143,8.008700680918992,8.024108657427131,7.8252841187641025,8.125688140280545,451.16408014619503,2.6628892965297655,11.184135045425016,87.3427689261763,2026-05-28T08:26:30.924080+00:00,b777373c5a202780128eaf8d7043e4080cd57b0d,['cuda:0'],False,False,EM,vast_38214999_RTX_PRO_6000_WS_38214999.log,RTX_PRO_6000_WS
20260528T082050Z_RTX_5060_Ti_10000x20_20260527,10000x20,RTX_5060_Ti,37493741,2.6681,1f051df462c0,10000,20,20,20260527,243,"{'sd_feat1': 10.0, 'sd_feat2': 130.0, 'sd_spat': 40.0}",11.57555449201027,saved,8.37891131005017,8.387453959498089,8.468584945984185,8.287259628006723,8.478024538955651,429.6500901831892,6.209937018429128,26.081735477402336,203.68593420447536,2026-05-28T08:23:50.175119+00:00,b777373c5a202780128eaf8d7043e4080cd57b0d,['cuda:0'],False,False,EM,vast_38215005_RTX_5060_Ti_38215005.log,RTX_5060_Ti
20260528T082350Z_RTX_5060_Ti_10000x100_20260527,10000x100,RTX_5060_Ti,37493741,2.6681,1f051df462c0,10000,100,20,20260527,243,"{'sd_feat1': 10.0, 'sd_feat2': 130.0, 'sd_spat': 40.0}",30.84262890298851,saved,27.94388305360626,27.93452640750911,27.96994764498668,27.925013530009892,28.01401435502339,128.82962590037775,20.710298437590794,86.98325343788133,679.297788752978,2026-05-28T08:33:39.911015+00:00,b777373c5a202780128eaf8d7043e4080cd57b0d,['cuda:0'],False,False,EM,vast_38215005_RTX_5060_Ti_38215005.log,RTX_5060_Ti
20260528T082104Z_RTX_3090_10000x20_20260527,10000x20,RTX_3090,20375214,0.3009,36d927bca238,10000,20,20,20260527,243,"{'sd_feat1': 10.0, 'sd_feat2': 130.0, 'sd_spat': 40.0}",12.522132414975204,saved,4.6301085373619575,4.604492737038527,4.768019588594325,4.567981582949869,4.799116599955596,777.5195702110105,0.386999905247837,1.6253996020409156,12.693596892129053,2026-05-28T08:22:51.393731+00:00,b777373c5a202780128eaf8d7043e4080cd57b0d,['cuda:0'],False,False,EM,vast_38215023_RTX_3090_38215023.log,RTX_3090
20260528T082251Z_RTX_3090_10000x100_20260527,10000x100,RTX_3090,20375214,0.3009,36d927bca238,10000,100,20,20260527,243,"{'sd_feat1': 10.0, 'sd_feat2': 130.0, 'sd_spat': 40.0}",33.35719300794881,saved,28.624375857092673,28.59757406153949,28.661734610598067,28.57176484190859,28.847183002973907,125.7669343769456,2.3925207487219957,10.048587144632382,78.47468055808146,2026-05-28T08:32:57.271564+00:00,b777373c5a202780128eaf8d7043e4080cd57b0d,['cuda:0'],False,False,EM,vast_38215023_RTX_3090_38215023.log,RTX_3090
20260528T082415Z_RTX_3090_10000x20_20260527,10000x20,RTX_3090,35215245,0.3356,8d20aa1d32fe,10000,20,20,20260527,243,"{'sd_feat1': 10.0, 'sd_feat2': 130.0, 'sd_spat': 40.0}",14.934735292801633,saved,5.035249779175501,5.004631504532881,5.213338350318372,4.818887013010681,5.266474618110806,714.9595666313664,0.46939717385869395,1.9714681302065147,15.39622730256516,2026-05-28T08:26:13.281062+00:00,b777373c5a202780128eaf8d7043e4080cd57b0d,['cuda:0'],False,False,EM,vast_38215055_RTX_3090_38215055.log,RTX_3090
20260528T082613Z_RTX_3090_10000x100_20260527,10000x100,RTX_3090,35215245,0.3356,8d20aa1d32fe,10000,100,20,20260527,243,"{'sd_feat1': 10.0, 'sd_feat2': 130.0, 'sd_spat': 40.0}",34.78936339402571,saved,28.654713049170095,28.619463678565808,28.768479504296558,28.57719036610797,28.95314515195787,125.63378295998201,2.6712560275837456,11.219275315851732,87.61719770474684,2026-05-28T08:36:21.208356+00:00,b777373c5a202780128eaf8d7043e4080cd57b0d,['cuda:0'],False,False,EM,vast_38215055_RTX_3090_38215055.log,RTX_3090
20260528T083301Z_RTX_5060_Ti_10000x20_20260527,10000x20,RTX_5060_Ti,38018071,0.2947,f169c83bc342,10000,20,20,20260527,243,"{'sd_feat1': 10.0, 'sd_feat2': 130.0, 'sd_spat': 40.0}",14.55596894500195,saved,6.366845662047126,6.346370327999466,6.468129024990777,6.3169232530053705,6.535303794997162,565.4291294446888,0.5211970601681356,2.18902765270617,17.095263573514845,2026-05-28T08:35:24.651815+00:00,b777373c5a202780128eaf8d7043e4080cd57b0d,['cuda:0'],False,False,EM,vast_38216127_RTX_5060_Ti_38216127.log,RTX_5060_Ti
20260528T083524Z_RTX_5060_Ti_10000x100_20260527,10000x100,RTX_5060_Ti,38018071,0.2947,f169c83bc342,10000,100,20,20260527,243,"{'sd_feat1': 10.0, 'sd_feat2': 130.0, 'sd_spat': 40.0}",33.10518343599688,saved,28.51932121574864,28.51010633349506,28.56798760979,28.477783793001436,28.630681848997483,126.23021329175414,2.334623322855868,9.805417955994645,76.57564498967245,2026-05-28T08:45:28.171773+00:00,b777373c5a202780128eaf8d7043e4080cd57b0d,['cuda:0'],False,False,EM,vast_38216127_RTX_5060_Ti_38216127.log,RTX_5060_Ti
20260528T083335Z_RTX_5090_10000x20_20260527,10000x20,RTX_5090,36425649,2.0042,3780eb18260a,10000,20,20,20260527,243,"{'sd_feat1': 10.0, 'sd_feat2': 130.0, 'sd_spat': 40.0}",11.77498546615243,saved,2.9620852598920466,2.938064116984606,3.0654427414759997,2.899656243622303,3.1894393283873796,1215.3600197622948,1.649058688298789,6.926046490854914,54.089124976200274,2026-05-28T08:34:48.349311+00:00,b777373c5a202780128eaf8d7043e4080cd57b0d,['cuda:0'],False,False,EM,vast_38216131_RTX_5090_38216131.log,RTX_5090
20260528T083448Z_RTX_5090_10000x100_20260527,10000x100,RTX_5090,36425649,2.0042,3780eb18260a,10000,100,20,20260527,243,"{'sd_feat1': 10.0, 'sd_feat2': 130.0, 'sd_spat': 40.0}",14.418086647987366,saved,9.168809011392295,9.157537993974984,9.18545909114182,9.114593226462603,9.366929907351732,392.63550975126435,5.104479727953454,21.43881485740451,167.4269350768733,2026-05-28T08:38:06.183491+00:00,b777373c5a202780128eaf8d7043e4080cd57b0d,['cuda:0'],False,False,EM,vast_38216131_RTX_5090_38216131.log,RTX_5090
20260528T083543Z_RTX_3090_10000x20_20260527,10000x20,RTX_3090,38073550,0.4736,2de1b53ae367,10000,20,20,20260527,243,"{'sd_feat1': 10.0, 'sd_feat2': 130.0, 'sd_spat': 40.0}",14.357968737007468,saved,4.633708221197594,4.615291080997849,4.7415357170990315,4.571400062006433,4.748943722996046,776.9155562128965,0.6095900593219946,2.5602782491523777,19.99455394576142,2026-05-28T08:37:32.309525+00:00,b777373c5a202780128eaf8d7043e4080cd57b0d,['cuda:0'],False,False,EM,vast_38216283_RTX_3090_38216283.log,RTX_3090
20260528T083732Z_RTX_3090_10000x100_20260527,10000x100,RTX_3090,38073550,0.4736,2de1b53ae367,10000,100,20,20260527,243,"{'sd_feat1': 10.0, 'sd_feat2': 130.0, 'sd_spat': 40.0}",34.09198052500142,saved,28.76695221125192,28.70554117300344,28.969601246989622,28.64934866699332,29.10106686700601,125.14360136462055,3.784452379791364,15.89469999512373,124.13003805715672,2026-05-28T08:47:41.775831+00:00,b777373c5a202780128eaf8d7043e4080cd57b0d,['cuda:0'],False,False,EM,vast_38216283_RTX_3090_38216283.log,RTX_3090
